"","EVTYPE.Original","EVTYPE.New","Designator"
"1","   HIGH SURF ADVISORY","High Surf","Z"
"2"," COASTAL FLOOD","Coastal Flood","Z"
"3"," FLASH FLOOD","Flash Flood","C"
"4"," LIGHTNING","Lightning","C"
"5"," TSTM WIND","Thunderstorm Wind","C"
"6"," TSTM WIND (G45)","Thunderstorm Wind","C"
"7"," WATERSPOUT","Waterspout","M"
"8"," WIND","Strong Wind","Z"
"9","?","Other","O"
"10","ABNORMAL WARMTH","Heat","Z"
"11","ABNORMALLY DRY","Drought","Z"
"12","ABNORMALLY WET","Heavy Rain","C"
"13","ACCUMULATED SNOWFALL","Heavy Snow","Z"
"14","AGRICULTURAL FREEZE","Frost/Freeze","Z"
"15","APACHE COUNTY","Other","O"
"16","ASTRONOMICAL HIGH TIDE","Storm Surge/Tide","Z"
"17","ASTRONOMICAL LOW TIDE","Astronomical Low Tide","Z"
"18","AVALANCE","Avalanche","Z"
"19","AVALANCHE","Avalanche","Z"
"20","BEACH EROSIN","Other","O"
"21","Beach Erosion","Other","O"
"22","BEACH EROSION","Other","O"
"23","BEACH EROSION/COASTAL FLOOD","Coastal Flood","Z"
"24","BEACH FLOOD","Coastal Flood","Z"
"25","BELOW NORMAL PRECIPITATION","Drought","Z"
"26","BITTER WIND CHILL","Cold/Wind Chill","Z"
"27","BITTER WIND CHILL TEMPERATURES","Cold/Wind Chill","Z"
"28","Black Ice","Sleet","Z"
"29","BLACK ICE","Sleet","Z"
"30","BLIZZARD","Blizzard","Z"
"31","BLIZZARD AND EXTREME WIND CHIL","Blizzard","Z"
"32","BLIZZARD AND HEAVY SNOW","Blizzard","Z"
"33","Blizzard Summary","Blizzard","Z"
"34","BLIZZARD WEATHER","Blizzard","Z"
"35","BLIZZARD/FREEZING RAIN","Blizzard","Z"
"36","BLIZZARD/HEAVY SNOW","Blizzard","Z"
"37","BLIZZARD/HIGH WIND","Blizzard","Z"
"38","BLIZZARD/WINTER STORM","Blizzard","Z"
"39","BLOW-OUT TIDE","Storm Surge/Tide","Z"
"40","BLOW-OUT TIDES","Storm Surge/Tide","Z"
"41","BLOWING DUST","Dust Storm","Z"
"42","blowing snow","Blizzard","Z"
"43","Blowing Snow","Blizzard","Z"
"44","BLOWING SNOW","Blizzard","Z"
"45","BLOWING SNOW- EXTREME WIND CHI","Blizzard","Z"
"46","BLOWING SNOW & EXTREME WIND CH","Blizzard","Z"
"47","BLOWING SNOW/EXTREME WIND CHIL","Blizzard","Z"
"48","BREAKUP FLOODING","Flood","C"
"49","BRUSH FIRE","Wildfire","Z"
"50","BRUSH FIRES","Wildfire","Z"
"51","COASTAL  FLOODING/EROSION","Coastal Flood","Z"
"52","COASTAL EROSION","Coastal Flood","Z"
"53","Coastal Flood","Coastal Flood","Z"
"54","COASTAL FLOOD","Coastal Flood","Z"
"55","coastal flooding","Coastal Flood","Z"
"56","Coastal Flooding","Coastal Flood","Z"
"57","COASTAL FLOODING","Coastal Flood","Z"
"58","COASTAL FLOODING/EROSION","Coastal Flood","Z"
"59","Coastal Storm","Coastal Flood","Z"
"60","COASTAL STORM","Coastal Flood","Z"
"61","COASTAL SURGE","Coastal Flood","Z"
"62","COASTAL/TIDAL FLOOD","Coastal Flood","Z"
"63","COASTALFLOOD","Coastal Flood","Z"
"64","COASTALSTORM","Coastal Flood","Z"
"65","Cold","Cold/Wind Chill","Z"
"66","COLD","Cold/Wind Chill","Z"
"67","COLD AIR FUNNEL","Cold/Wind Chill","Z"
"68","COLD AIR FUNNELS","Cold/Wind Chill","Z"
"69","COLD AIR TORNADO","Cold/Wind Chill","Z"
"70","Cold and Frost","Cold/Wind Chill","Z"
"71","COLD AND FROST","Cold/Wind Chill","Z"
"72","COLD AND SNOW","Cold/Wind Chill","Z"
"73","COLD AND WET CONDITIONS","Cold/Wind Chill","Z"
"74","Cold Temperature","Cold/Wind Chill","Z"
"75","COLD TEMPERATURES","Cold/Wind Chill","Z"
"76","COLD WAVE","Cold/Wind Chill","Z"
"77","COLD WEATHER","Cold/Wind Chill","Z"
"78","COLD WIND CHILL TEMPERATURES","Cold/Wind Chill","Z"
"79","COLD/WIND CHILL","Cold/Wind Chill","Z"
"80","COLD/WINDS","Cold/Wind Chill","Z"
"81","COOL AND WET","Cold/Wind Chill","Z"
"82","COOL SPELL","Cold/Wind Chill","Z"
"83","CSTL FLOODING/EROSION","Coastal Flood","Z"
"84","DAM BREAK","Other","O"
"85","DAM FAILURE","Other","O"
"86","Damaging Freeze","Frost/Freeze","Z"
"87","DAMAGING FREEZE","Frost/Freeze","Z"
"88","DEEP HAIL","Hail","C"
"89","DENSE FOG","Dense Fog","Z"
"90","DENSE SMOKE","Dense Smoke","Z"
"91","DOWNBURST","Strong Wind","Z"
"92","DOWNBURST WINDS","Strong Wind","Z"
"93","DRIEST MONTH","Drought","Z"
"94","Drifting Snow","Heavy Snow","Z"
"95","DROUGHT","Drought","Z"
"96","DROUGHT/EXCESSIVE HEAT","Drought","Z"
"97","DROWNING","Flood","C"
"98","DRY","Drought","Z"
"99","DRY CONDITIONS","Drought","Z"
"100","DRY HOT WEATHER","Drought","Z"
"101","DRY MICROBURST","Strong Wind","Z"
"102","DRY MICROBURST 50","Strong Wind","Z"
"103","DRY MICROBURST 53","Strong Wind","Z"
"104","DRY MICROBURST 58","Strong Wind","Z"
"105","DRY MICROBURST 61","Strong Wind","Z"
"106","DRY MICROBURST 84","Strong Wind","Z"
"107","DRY MICROBURST WINDS","Strong Wind","Z"
"108","DRY MIRCOBURST WINDS","Strong Wind","Z"
"109","DRY PATTERN","Drought","Z"
"110","DRY SPELL","Drought","Z"
"111","DRY WEATHER","Drought","Z"
"112","DRYNESS","Drought","Z"
"113","DUST DEVEL","Dust Devil","C"
"114","Dust Devil","Dust Devil","C"
"115","DUST DEVIL","Dust Devil","C"
"116","DUST DEVIL WATERSPOUT","Dust Devil","C"
"117","DUST STORM","Dust Storm","Z"
"118","DUST STORM/HIGH WINDS","Dust Storm","Z"
"119","DUSTSTORM","Dust Storm","Z"
"120","EARLY FREEZE","Frost/Freeze","Z"
"121","Early Frost","Frost/Freeze","Z"
"122","EARLY FROST","Frost/Freeze","Z"
"123","EARLY RAIN","Heavy Rain","C"
"124","EARLY SNOW","Heavy Snow","Z"
"125","Early snowfall","Heavy Snow","Z"
"126","EARLY SNOWFALL","Heavy Snow","Z"
"127","Erosion/Cstl Flood","Coastal Flood","Z"
"128","EXCESSIVE","Other","O"
"129","Excessive Cold","Cold/Wind Chill","Z"
"130","EXCESSIVE HEAT","Excessive Heat","Z"
"131","EXCESSIVE HEAT/DROUGHT","Excessive Heat","Z"
"132","EXCESSIVE PRECIPITATION","Heavy Rain","C"
"133","EXCESSIVE RAIN","Heavy Rain","C"
"134","EXCESSIVE RAINFALL","Heavy Rain","C"
"135","EXCESSIVE SNOW","Heavy Snow","Z"
"136","EXCESSIVE WETNESS","Heavy Rain","C"
"137","EXCESSIVELY DRY","Drought","Z"
"138","Extended Cold","Extreme Cold/Wind Chill","Z"
"139","Extreme Cold","Extreme Cold/Wind Chill","Z"
"140","EXTREME COLD","Extreme Cold/Wind Chill","Z"
"141","EXTREME COLD/WIND CHILL","Extreme Cold/Wind Chill","Z"
"142","EXTREME HEAT","Excessive Heat","Z"
"143","EXTREME WIND CHILL","Extreme Cold/Wind Chill","Z"
"144","EXTREME WIND CHILL/BLOWING SNO","Extreme Cold/Wind Chill","Z"
"145","EXTREME WIND CHILLS","Extreme Cold/Wind Chill","Z"
"146","EXTREME WINDCHILL","Extreme Cold/Wind Chill","Z"
"147","EXTREME WINDCHILL TEMPERATURES","Extreme Cold/Wind Chill","Z"
"148","EXTREME/RECORD COLD","Extreme Cold/Wind Chill","Z"
"149","EXTREMELY WET","Heavy Rain","C"
"150","FALLING SNOW/ICE","Heavy Snow","Z"
"151","FIRST FROST","Frost/Freeze","Z"
"152","FIRST SNOW","Heavy Snow","Z"
"153","FLASH FLOOD","Flash Flood","C"
"154","FLASH FLOOD - HEAVY RAIN","Flash Flood","C"
"155","FLASH FLOOD FROM ICE JAMS","Flash Flood","C"
"156","FLASH FLOOD LANDSLIDES","Flash Flood","C"
"157","FLASH FLOOD WINDS","Flash Flood","C"
"158","FLASH FLOOD/","Flash Flood","C"
"159","FLASH FLOOD/ FLOOD","Flash Flood","C"
"160","FLASH FLOOD/ STREET","Flash Flood","C"
"161","FLASH FLOOD/FLOOD","Flash Flood","C"
"162","FLASH FLOOD/HEAVY RAIN","Flash Flood","C"
"163","FLASH FLOOD/LANDSLIDE","Flash Flood","C"
"164","FLASH FLOODING","Flash Flood","C"
"165","FLASH FLOODING/FLOOD","Flash Flood","C"
"166","FLASH FLOODING/THUNDERSTORM WI","Flash Flood","C"
"167","FLASH FLOODS","Flash Flood","C"
"168","FLASH FLOOODING","Flash Flood","C"
"169","Flood","Flood","C"
"170","FLOOD","Flood","C"
"171","FLOOD & HEAVY RAIN","Flood","C"
"172","FLOOD FLASH","Flood","C"
"173","FLOOD FLOOD/FLASH","Flash Flood","C"
"174","FLOOD WATCH/","Flood","C"
"175","FLOOD/FLASH","Flash Flood","C"
"176","Flood/Flash Flood","Flash Flood","C"
"177","FLOOD/FLASH FLOOD","Flash Flood","C"
"178","FLOOD/FLASH FLOODING","Flash Flood","C"
"179","FLOOD/FLASH/FLOOD","Flash Flood","C"
"180","FLOOD/FLASHFLOOD","Flash Flood","C"
"181","FLOOD/RAIN/WIND","Flood","C"
"182","FLOOD/RAIN/WINDS","Flood","C"
"183","FLOOD/RIVER FLOOD","Flood","C"
"184","Flood/Strong Wind","Flood","C"
"185","FLOODING","Flood","C"
"186","FLOODING/HEAVY RAIN","Flood","C"
"187","FLOODS","Flood","C"
"188","FOG","Dense Fog","Z"
"189","FOG AND COLD TEMPERATURES","Dense Fog","Z"
"190","FOREST FIRES","Wildfire","Z"
"191","Freeze","Frost/Freeze","Z"
"192","FREEZE","Frost/Freeze","Z"
"193","Freezing drizzle","Sleet","Z"
"194","Freezing Drizzle","Sleet","Z"
"195","FREEZING DRIZZLE","Sleet","Z"
"196","FREEZING DRIZZLE AND FREEZING","Sleet","Z"
"197","Freezing Fog","Freezing Fog","Z"
"198","FREEZING FOG","Freezing Fog","Z"
"199","Freezing rain","Sleet","Z"
"200","Freezing Rain","Sleet","Z"
"201","FREEZING RAIN","Sleet","Z"
"202","FREEZING RAIN AND SLEET","Sleet","Z"
"203","FREEZING RAIN AND SNOW","Sleet","Z"
"204","FREEZING RAIN SLEET AND","Sleet","Z"
"205","FREEZING RAIN SLEET AND LIGHT","Sleet","Z"
"206","FREEZING RAIN/SLEET","Sleet","Z"
"207","FREEZING RAIN/SNOW","Sleet","Z"
"208","Freezing Spray","Frost/Freeze","Z"
"209","Frost","Frost/Freeze","Z"
"210","FROST","Frost/Freeze","Z"
"211","Frost/Freeze","Frost/Freeze","Z"
"212","FROST/FREEZE","Frost/Freeze","Z"
"213","FROST\FREEZE","Frost/Freeze","Z"
"214","FUNNEL","Funnel Cloud","C"
"214","FUNNEL","Funnel Cloud","C"
"215","Funnel Cloud","Funnel Cloud","C"
"216","FUNNEL CLOUD","Funnel Cloud","C"
"217","FUNNEL CLOUD.","Funnel Cloud","C"
"218","FUNNEL CLOUD/HAIL","Funnel Cloud","C"
"219","FUNNEL CLOUDS","Funnel Cloud","C"
"220","FUNNELS","Funnel Cloud","C"
"221","Glaze","Sleet","Z"
"222","GLAZE","Sleet","Z"
"223","GLAZE ICE","Sleet","Z"
"224","GLAZE/ICE STORM","Sleet","Z"
"225","gradient wind","Strong Wind","Z"
"226","Gradient wind","Strong Wind","Z"
"227","GRADIENT WIND","Strong Wind","Z"
"228","GRADIENT WINDS","Strong Wind","Z"
"229","GRASS FIRES","Wildfire","Z"
"230","GROUND BLIZZARD","Blizzard","Z"
"231","GUSTNADO","Tornado","C"
"232","GUSTNADO AND","Tornado","C"
"233","GUSTY LAKE WIND","Strong Wind","Z"
"234","GUSTY THUNDERSTORM WIND","Thunderstorm Wind","C"
"235","GUSTY THUNDERSTORM WINDS","Thunderstorm Wind","C"
"236","Gusty Wind","Strong Wind","Z"
"237","GUSTY WIND","Strong Wind","Z"
"238","GUSTY WIND/HAIL","Strong Wind","Z"
"239","GUSTY WIND/HVY RAIN","Strong Wind","Z"
"240","Gusty wind/rain","Strong Wind","Z"
"241","Gusty winds","Strong Wind","Z"
"242","Gusty Winds","Strong Wind","Z"
"243","GUSTY WINDS","Strong Wind","Z"
"243","GUSTY WINDS","Strong Wind","Z"
"244","HAIL","Hail","C"
"245","HAIL 0.75","Hail","C"
"246","HAIL 0.88","Hail","C"
"247","HAIL 075","Hail","C"
"248","HAIL 088","Hail","C"
"249","HAIL 1.00","Hail","C"
"250","HAIL 1.75","Hail","C"
"251","HAIL 1.75)","Hail","C"
"252","HAIL 100","Hail","C"
"253","HAIL 125","Hail","C"
"254","HAIL 150","Hail","C"
"255","HAIL 175","Hail","C"
"256","HAIL 200","Hail","C"
"257","HAIL 225","Hail","C"
"258","HAIL 275","Hail","C"
"259","HAIL 450","Hail","C"
"260","HAIL 75","Hail","C"
"261","HAIL 80","Hail","C"
"262","HAIL 88","Hail","C"
"263","HAIL ALOFT","Hail","C"
"264","HAIL DAMAGE","Hail","C"
"265","HAIL FLOODING","Hail","C"
"266","HAIL STORM","Hail","C"
"267","Hail(0.75)","Hail","C"
"268","HAIL/ICY ROADS","Hail","C"
"269","HAIL/WIND","Hail","C"
"270","HAIL/WINDS","Hail","C"
"271","HAILSTORM","Hail","C"
"272","HAILSTORMS","Hail","C"
"273","HARD FREEZE","Frost/Freeze","Z"
"274","HAZARDOUS SURF","High Surf","Z"
"275","HEAT","Heat","Z"
"276","HEAT DROUGHT","Heat","Z"
"277","Heat Wave","Heat","Z"
"278","HEAT WAVE","Heat","Z"
"279","HEAT WAVE DROUGHT","Heat","Z"
"280","HEAT WAVES","Heat","Z"
"281","HEAT/DROUGHT","Heat","Z"
"282","Heatburst","Heat","Z"
"283","HEAVY LAKE SNOW","Lake-Effect Snow","Z"
"284","HEAVY MIX","Other","O"
"285","HEAVY PRECIPATATION","Heavy Rain","C"
"286","Heavy Precipitation","Heavy Rain","C"
"287","HEAVY PRECIPITATION","Heavy Rain","C"
"288","Heavy rain","Heavy Rain","C"
"289","Heavy Rain","Heavy Rain","C"
"290","HEAVY RAIN","Heavy Rain","C"
"291","HEAVY RAIN AND FLOOD","Heavy Rain","C"
"292","Heavy Rain and Wind","Heavy Rain","C"
"293","HEAVY RAIN EFFECTS","Heavy Rain","C"
"294","HEAVY RAIN/FLOODING","Heavy Rain","C"
"295","Heavy Rain/High Surf","Heavy Rain","C"
"296","HEAVY RAIN/LIGHTNING","Heavy Rain","C"
"297","HEAVY RAIN/MUDSLIDES/FLOOD","Heavy Rain","C"
"298","HEAVY RAIN/SEVERE WEATHER","Heavy Rain","C"
"299","HEAVY RAIN/SMALL STREAM URBAN","Heavy Rain","C"
"300","HEAVY RAIN/SNOW","Heavy Rain","C"
"301","HEAVY RAIN/URBAN FLOOD","Heavy Rain","C"
"302","HEAVY RAIN/WIND","Heavy Rain","C"
"303","HEAVY RAIN; URBAN FLOOD WINDS;","Heavy Rain","C"
"304","HEAVY RAINFALL","Heavy Rain","C"
"305","HEAVY RAINS","Heavy Rain","C"
"306","HEAVY RAINS/FLOODING","Heavy Rain","C"
"307","HEAVY SEAS","High Surf","Z"
"308","HEAVY SHOWER","Heavy Rain","C"
"309","HEAVY SHOWERS","Heavy Rain","C"
"310","HEAVY SNOW","Heavy Snow","Z"
"311","HEAVY SNOW-SQUALLS","Heavy Snow","Z"
"312","HEAVY SNOW   FREEZING RAIN","Heavy Snow","Z"
"313","HEAVY SNOW & ICE","Heavy Snow","Z"
"314","HEAVY SNOW AND","Heavy Snow","Z"
"315","HEAVY SNOW AND HIGH WINDS","Heavy Snow","Z"
"316","HEAVY SNOW AND ICE","Heavy Snow","Z"
"317","HEAVY SNOW AND ICE STORM","Heavy Snow","Z"
"318","HEAVY SNOW AND STRONG WINDS","Heavy Snow","Z"
"319","HEAVY SNOW ANDBLOWING SNOW","Heavy Snow","Z"
"320","Heavy snow shower","Heavy Snow","Z"
"321","HEAVY SNOW SQUALLS","Heavy Snow","Z"
"322","HEAVY SNOW/BLIZZARD","Heavy Snow","Z"
"323","HEAVY SNOW/BLIZZARD/AVALANCHE","Heavy Snow","Z"
"324","HEAVY SNOW/BLOWING SNOW","Heavy Snow","Z"
"325","HEAVY SNOW/FREEZING RAIN","Heavy Snow","Z"
"326","HEAVY SNOW/HIGH","Heavy Snow","Z"
"327","HEAVY SNOW/HIGH WIND","Heavy Snow","Z"
"328","HEAVY SNOW/HIGH WINDS","Heavy Snow","Z"
"329","HEAVY SNOW/HIGH WINDS & FLOOD","Heavy Snow","Z"
"330","HEAVY SNOW/HIGH WINDS/FREEZING","Heavy Snow","Z"
"331","HEAVY SNOW/ICE","Heavy Snow","Z"
"332","HEAVY SNOW/ICE STORM","Heavy Snow","Z"
"333","HEAVY SNOW/SLEET","Heavy Snow","Z"
"334","HEAVY SNOW/SQUALLS","Heavy Snow","Z"
"335","HEAVY SNOW/WIND","Heavy Snow","Z"
"336","HEAVY SNOW/WINTER STORM","Heavy Snow","Z"
"337","HEAVY SNOWPACK","Heavy Snow","Z"
"338","Heavy Surf","High Surf","Z"
"339","HEAVY SURF","High Surf","Z"
"340","Heavy surf and wind","High Surf","Z"
"341","HEAVY SURF COASTAL FLOODING","High Surf","Z"
"342","HEAVY SURF/HIGH SURF","High Surf","Z"
"343","HEAVY SWELLS","High Surf","Z"
"344","HEAVY WET SNOW","Heavy Snow","Z"
"345","HIGH","Other","O"
"346","HIGH  SWELLS","High Surf","Z"
"347","HIGH  WINDS","High Wind","Z"
"348","HIGH SEAS","High Surf","Z"
"349","High Surf","High Surf","Z"
"350","HIGH SURF","High Surf","Z"
"351","HIGH SURF ADVISORIES","High Surf","Z"
"352","HIGH SURF ADVISORY","High Surf","Z"
"353","HIGH SWELLS","High Surf","Z"
"354","HIGH TEMPERATURE RECORD","Excessive Heat","Z"
"355","HIGH TIDES","Storm Surge/Tide","Z"
"356","HIGH WATER","High Surf","Z"
"357","HIGH WAVES","High Surf","Z"
"358","High Wind","High Wind","Z"
"359","HIGH WIND","High Wind","Z"
"360","HIGH WIND (G40)","High Wind","Z"
"361","HIGH WIND 48","High Wind","Z"
"362","HIGH WIND 63","High Wind","Z"
"363","HIGH WIND 70","High Wind","Z"
"364","HIGH WIND AND HEAVY SNOW","High Wind","Z"
"365","HIGH WIND AND HIGH TIDES","High Wind","Z"
"366","HIGH WIND AND SEAS","High Wind","Z"
"367","HIGH WIND DAMAGE","High Wind","Z"
"368","HIGH WIND/ BLIZZARD","High Wind","Z"
"369","HIGH WIND/BLIZZARD","High Wind","Z"
"370","HIGH WIND/BLIZZARD/FREEZING RA","High Wind","Z"
"371","HIGH WIND/HEAVY SNOW","High Wind","Z"
"372","HIGH WIND/LOW WIND CHILL","High Wind","Z"
"373","HIGH WIND/SEAS","High Wind","Z"
"374","HIGH WIND/WIND CHILL","High Wind","Z"
"375","HIGH WIND/WIND CHILL/BLIZZARD","High Wind","Z"
"376","HIGH WINDS","High Wind","Z"
"377","HIGH WINDS 55","High Wind","Z"
"378","HIGH WINDS 57","High Wind","Z"
"379","HIGH WINDS 58","High Wind","Z"
"380","HIGH WINDS 63","High Wind","Z"
"381","HIGH WINDS 66","High Wind","Z"
"382","HIGH WINDS 67","High Wind","Z"
"383","HIGH WINDS 73","High Wind","Z"
"384","HIGH WINDS 76","High Wind","Z"
"385","HIGH WINDS 80","High Wind","Z"
"386","HIGH WINDS 82","High Wind","Z"
"387","HIGH WINDS AND WIND CHILL","High Wind","Z"
"388","HIGH WINDS DUST STORM","High Wind","Z"
"389","HIGH WINDS HEAVY RAINS","High Wind","Z"
"390","HIGH WINDS/","High Wind","Z"
"391","HIGH WINDS/COASTAL FLOOD","High Wind","Z"
"392","HIGH WINDS/COLD","High Wind","Z"
"393","HIGH WINDS/FLOODING","High Wind","Z"
"394","HIGH WINDS/HEAVY RAIN","High Wind","Z"
"395","HIGH WINDS/SNOW","High Wind","Z"
"396","HIGHWAY FLOODING","Flood","C"
"397","Hot and Dry","Heat","Z"
"398","HOT PATTERN","Heat","Z"
"399","HOT SPELL","Heat","Z"
"400","HOT WEATHER","Heat","Z"
"401","HOT/DRY PATTERN","Heat","Z"
"402","HURRICANE","Hurricane (Typhoon)","Z"
"403","HURRICANE-GENERATED SWELLS","Hurricane (Typhoon)","Z"
"404","Hurricane Edouard","Hurricane (Typhoon)","Z"
"405","HURRICANE EMILY","Hurricane (Typhoon)","Z"
"406","HURRICANE ERIN","Hurricane (Typhoon)","Z"
"407","HURRICANE FELIX","Hurricane (Typhoon)","Z"
"408","HURRICANE GORDON","Hurricane (Typhoon)","Z"
"409","HURRICANE OPAL","Hurricane (Typhoon)","Z"
"410","HURRICANE OPAL/HIGH WINDS","Hurricane (Typhoon)","Z"
"411","HURRICANE/TYPHOON","Hurricane (Typhoon)","Z"
"412","HVY RAIN","Heavy Rain","C"
"413","HYPERTHERMIA/EXPOSURE","Excessive Heat","Z"
"414","HYPOTHERMIA","Excessive Heat","Z"
"415","Hypothermia/Exposure","Excessive Heat","Z"
"416","HYPOTHERMIA/EXPOSURE","Excessive Heat","Z"
"417","ICE","Ice Storm","Z"
"418","ICE AND SNOW","Ice Storm","Z"
"419","ICE FLOES","Ice Storm","Z"
"420","Ice Fog","Freezing Fog","Z"
"421","ICE JAM","Frost/Freeze","Z"
"422","Ice jam flood (minor","Frost/Freeze","Z"
"423","ICE JAM FLOODING","Frost/Freeze","Z"
"424","ICE ON ROAD","Frost/Freeze","Z"
"425","ICE PELLETS","Frost/Freeze","Z"
"426","ICE ROADS","Frost/Freeze","Z"
"427","ICE STORM","Ice Storm","Z"
"428","ICE STORM AND SNOW","Ice Storm","Z"
"429","ICE STORM/FLASH FLOOD","Ice Storm","Z"
"430","Ice/Snow","Ice Storm","Z"
"431","ICE/SNOW","Ice Storm","Z"
"432","ICE/STRONG WINDS","Ice Storm","Z"
"433","Icestorm/Blizzard","Ice Storm","Z"
"434","Icy Roads","Frost/Freeze","Z"
"435","ICY ROADS","Frost/Freeze","Z"
"436","LACK OF SNOW","Other","O"
"437","LAKE-EFFECT SNOW","Lake-Effect Snow","Z"
"438","Lake Effect Snow","Lake-Effect Snow","Z"
"439","LAKE EFFECT SNOW","Lake-Effect Snow","Z"
"440","LAKE FLOOD","Lakeshore Flood","Z"
"441","LAKESHORE FLOOD","Lakeshore Flood","Z"
"442","LANDSLIDE","Debris Flow","C"
"443","LANDSLIDE/URBAN FLOOD","Debris Flow","C"
"444","LANDSLIDES","Debris Flow","C"
"445","Landslump","Debris Flow","C"
"446","LANDSLUMP","Debris Flow","C"
"447","LANDSPOUT","Debris Flow","C"
"448","LARGE WALL CLOUD","Funnel Cloud","C"
"449","Late-season Snowfall","Heavy Snow","Z"
"450","LATE FREEZE","Frost/Freeze","Z"
"451","LATE SEASON HAIL","Hail","C"
"452","LATE SEASON SNOW","Heavy Snow","Z"
"453","Late Season Snowfall","Heavy Snow","Z"
"454","LATE SNOW","Heavy Snow","Z"
"455","LIGHT FREEZING RAIN","Heavy Rain","C"
"456","Light snow","Heavy Snow","Z"
"457","Light Snow","Heavy Snow","Z"
"458","LIGHT SNOW","Heavy Snow","Z"
"459","LIGHT SNOW AND SLEET","Heavy Snow","Z"
"460","Light Snow/Flurries","Heavy Snow","Z"
"461","LIGHT SNOW/FREEZING PRECIP","Heavy Snow","Z"
"462","Light Snowfall","Heavy Snow","Z"
"463","LIGHTING","Lightning","C"
"464","LIGHTNING","Lightning","C"
"465","LIGHTNING  WAUSEON","Lightning","C"
"466","LIGHTNING AND HEAVY RAIN","Lightning","C"
"467","LIGHTNING AND THUNDERSTORM WIN","Lightning","C"
"468","LIGHTNING AND WINDS","Lightning","C"
"469","LIGHTNING DAMAGE","Lightning","C"
"470","LIGHTNING FIRE","Lightning","C"
"471","LIGHTNING INJURY","Lightning","C"
"472","LIGHTNING THUNDERSTORM WINDS","Lightning","C"
"473","LIGHTNING THUNDERSTORM WINDSS","Lightning","C"
"474","LIGHTNING.","Lightning","C"
"475","LIGHTNING/HEAVY RAIN","Lightning","C"
"476","LIGNTNING","Lightning","C"
"477","LOCAL FLASH FLOOD","Flash Flood","C"
"478","LOCAL FLOOD","Flood","C"
"479","LOCALLY HEAVY RAIN","Heavy Rain","C"
"480","LOW TEMPERATURE","Cold/Wind Chill","Z"
"481","LOW TEMPERATURE RECORD","Cold/Wind Chill","Z"
"482","LOW WIND CHILL","Cold/Wind Chill","Z"
"483","MAJOR FLOOD","Flood","C"
"484","Marine Accident","Other","O"
"485","MARINE HAIL","Marine Hail","M"
"486","MARINE HIGH WIND","Marine High Wind","M"
"487","MARINE MISHAP","Other","O"
"488","MARINE STRONG WIND","Marine Strong Wind","M"
"489","MARINE THUNDERSTORM WIND","Marine Thunderstorm Wind","M"
"490","MARINE TSTM WIND","Marine Thunderstorm Wind","M"
"491","Metro Storm, May 26","Other","O"
"492","Microburst","Strong Wind","Z"
"493","MICROBURST","Strong Wind","Z"
"494","MICROBURST WINDS","Strong Wind","Z"
"495","Mild and Dry Pattern","Drought","Z"
"496","MILD PATTERN","Other","O"
"497","MILD/DRY PATTERN","Drought","Z"
"498","MINOR FLOOD","Flood","C"
"499","Minor Flooding","Flood","C"
"500","MINOR FLOODING","Flood","C"
"501","MIXED PRECIP","Heavy Rain","C"
"502","Mixed Precipitation","Heavy Rain","C"
"503","MIXED PRECIPITATION","Heavy Rain","C"
"504","MODERATE SNOW","Heavy Snow","Z"
"505","MODERATE SNOWFALL","Heavy Snow","Z"
"506","MONTHLY PRECIPITATION","Heavy Rain","C"
"507","Monthly Rainfall","Heavy Rain","C"
"508","MONTHLY RAINFALL","Heavy Rain","C"
"509","Monthly Snowfall","Heavy Snow","Z"
"510","MONTHLY SNOWFALL","Heavy Snow","Z"
"511","MONTHLY TEMPERATURE","Other","O"
"512","Mountain Snows","Heavy Snow","Z"
"513","MUD SLIDE","Debris Flow","C"
"514","MUD SLIDES","Debris Flow","C"
"515","MUD SLIDES URBAN FLOODING","Debris Flow","C"
"516","MUD/ROCK SLIDE","Debris Flow","C"
"517","Mudslide","Debris Flow","C"
"518","MUDSLIDE","Debris Flow","C"
"519","MUDSLIDE/LANDSLIDE","Debris Flow","C"
"520","Mudslides","Debris Flow","C"
"521","MUDSLIDES","Debris Flow","C"
"522","NEAR RECORD SNOW","Heavy Snow","Z"
"523","No Severe Weather","Other","O"
"524","NON-SEVERE WIND DAMAGE","Other","O"
"525","NON-TSTM WIND","Strong Wind","Z"
"526","NON SEVERE HAIL","Hail","C"
"527","NON TSTM WIND","Strong Wind","Z"
"528","NONE","Other","O"
"529","NORMAL PRECIPITATION","Heavy Rain","C"
"530","NORTHERN LIGHTS","Other","O"
"531","Other","Other","O"
"532","OTHER","Other","O"
"533","PATCHY DENSE FOG","Dense Fog","Z"
"534","PATCHY ICE","Frost/Freeze","Z"
"535","Prolong Cold","Cold/Wind Chill","Z"
"536","PROLONG COLD","Cold/Wind Chill","Z"
"537","PROLONG COLD/SNOW","Cold/Wind Chill","Z"
"538","PROLONG WARMTH","Heat","Z"
"539","PROLONGED RAIN","Heavy Rain","C"
"540","RAIN","Heavy Rain","C"
"541","RAIN (HEAVY)","Heavy Rain","C"
"542","RAIN AND WIND","Heavy Rain","C"
"543","Rain Damage","Heavy Rain","C"
"544","RAIN/SNOW","Heavy Rain","C"
"545","RAIN/WIND","Heavy Rain","C"
"546","RAINSTORM","Heavy Rain","C"
"547","RAPIDLY RISING WATER","Flash Flood","C"
"548","RECORD  COLD","Cold/Wind Chill","Z"
"549","Record Cold","Cold/Wind Chill","Z"
"550","RECORD COLD","Cold/Wind Chill","Z"
"551","RECORD COLD AND HIGH WIND","Cold/Wind Chill","Z"
"552","RECORD COLD/FROST","Cold/Wind Chill","Z"
"553","RECORD COOL","Cold/Wind Chill","Z"
"554","Record dry month","Drought","Z"
"555","RECORD DRYNESS","Drought","Z"
"556","Record Heat","Excessive Heat","Z"
"557","RECORD HEAT","Excessive Heat","Z"
"558","RECORD HEAT WAVE","Excessive Heat","Z"
"559","Record High","Excessive Heat","Z"
"560","RECORD HIGH","Excessive Heat","Z"
"561","RECORD HIGH TEMPERATURE","Excessive Heat","Z"
"562","RECORD HIGH TEMPERATURES","Excessive Heat","Z"
"563","RECORD LOW","Cold/Wind Chill","Z"
"564","RECORD LOW RAINFALL","Other","O"
"565","Record May Snow","Heavy Snow","Z"
"566","RECORD PRECIPITATION","Heavy Rain","C"
"567","RECORD RAINFALL","Heavy Rain","C"
"568","RECORD SNOW","Heavy Snow","Z"
"569","RECORD SNOW/COLD","Heavy Snow","Z"
"570","RECORD SNOWFALL","Heavy Snow","Z"
"571","Record temperature","Excessive Heat","Z"
"572","RECORD TEMPERATURE","Excessive Heat","Z"
"573","Record Temperatures","Excessive Heat","Z"
"574","RECORD TEMPERATURES","Excessive Heat","Z"
"575","RECORD WARM","Excessive Heat","Z"
"576","RECORD WARM TEMPS","Excessive Heat","Z"
"577","Record Warmth","Excessive Heat","Z"
"578","RECORD WARMTH","Excessive Heat","Z"
"579","Record Winter Snow","Heavy Snow","Z"
"580","RECORD/EXCESSIVE HEAT","Excessive Heat","Z"
"581","RECORD/EXCESSIVE RAINFALL","Heavy Rain","C"
"582","RED FLAG CRITERIA","Other","O"
"583","RED FLAG FIRE WX","Other","O"
"584","REMNANTS OF FLOYD","Other","O"
"585","RIP CURRENT","Rip Current","Z"
"586","RIP CURRENTS","Rip Current","Z"
"587","RIP CURRENTS HEAVY SURF","Rip Current","Z"
"588","RIP CURRENTS/HEAVY SURF","Rip Current","Z"
"589","RIVER AND STREAM FLOOD","Flood","C"
"590","RIVER FLOOD","Flood","C"
"591","River Flooding","Flood","C"
"592","RIVER FLOODING","Flood","C"
"593","ROCK SLIDE","Debris Flow","C"
"594","ROGUE WAVE","High Surf","Z"
"595","ROTATING WALL CLOUD","Other","O"
"596","ROUGH SEAS","High Surf","Z"
"597","ROUGH SURF","High Surf","Z"
"598","RURAL FLOOD","Flood","C"
"599","Saharan Dust","Dust Storm","Z"
"600","SAHARAN DUST","Dust Storm","Z"
"601","Seasonal Snowfall","Heavy Snow","Z"
"602","SEICHE","Seiche","Z"
"603","SEVERE COLD","Cold/Wind Chill","Z"
"604","SEVERE THUNDERSTORM","Thunderstorm Wind","C"
"605","SEVERE THUNDERSTORM WINDS","Thunderstorm Wind","C"
"606","SEVERE THUNDERSTORMS","Thunderstorm Wind","C"
"607","SEVERE TURBULENCE","Other","O"
"608","SLEET","Sleet","Z"
"609","SLEET & FREEZING RAIN","Sleet","Z"
"610","SLEET STORM","Sleet","Z"
"611","SLEET/FREEZING RAIN","Sleet","Z"
"612","SLEET/ICE STORM","Sleet","Z"
"613","SLEET/RAIN/SNOW","Sleet","Z"
"614","SLEET/SNOW","Sleet","Z"
"615","small hail","Hail","C"
"616","Small Hail","Hail","C"
"617","SMALL HAIL","Hail","C"
"618","SMALL STREAM","Flood","C"
"619","SMALL STREAM AND","Flood","C"
"620","SMALL STREAM AND URBAN FLOOD","Flood","C"
"621","SMALL STREAM AND URBAN FLOODIN","Flood","C"
"622","SMALL STREAM FLOOD","Flood","C"
"623","SMALL STREAM FLOODING","Flood","C"
"624","SMALL STREAM URBAN FLOOD","Flood","C"
"625","SMALL STREAM/URBAN FLOOD","Flood","C"
"626","Sml Stream Fld","Flood","C"
"627","SMOKE","Dense Smoke","Z"
"628","Snow","Heavy Snow","Z"
"629","SNOW","Heavy Snow","Z"
"630","SNOW- HIGH WIND- WIND CHILL","Heavy Snow","Z"
"631","Snow Accumulation","Heavy Snow","Z"
"632","SNOW ACCUMULATION","Heavy Snow","Z"
"633","SNOW ADVISORY","Heavy Snow","Z"
"634","SNOW AND COLD","Heavy Snow","Z"
"635","SNOW AND HEAVY SNOW","Heavy Snow","Z"
"636","Snow and Ice","Heavy Snow","Z"
"637","SNOW AND ICE","Heavy Snow","Z"
"638","SNOW AND ICE STORM","Heavy Snow","Z"
"639","Snow and sleet","Heavy Snow","Z"
"640","SNOW AND SLEET","Heavy Snow","Z"
"641","SNOW AND WIND","Heavy Snow","Z"
"642","SNOW DROUGHT","Drought","Z"
"643","SNOW FREEZING RAIN","Sleet","Z"
"644","SNOW SHOWERS","Heavy Snow","Z"
"645","SNOW SLEET","Sleet","Z"
"646","SNOW SQUALL","Heavy Snow","Z"
"647","Snow squalls","Heavy Snow","Z"
"648","Snow Squalls","Heavy Snow","Z"
"649","SNOW SQUALLS","Heavy Snow","Z"
"650","SNOW/ BITTER COLD","Heavy Snow","Z"
"651","SNOW/ ICE","Heavy Snow","Z"
"652","SNOW/BLOWING SNOW","Heavy Snow","Z"
"653","SNOW/COLD","Heavy Snow","Z"
"654","SNOW/FREEZING RAIN","Heavy Snow","Z"
"655","SNOW/HEAVY SNOW","Heavy Snow","Z"
"656","SNOW/HIGH WINDS","Heavy Snow","Z"
"657","SNOW/ICE","Heavy Snow","Z"
"658","SNOW/ICE STORM","Heavy Snow","Z"
"659","SNOW/RAIN","Heavy Snow","Z"
"660","SNOW/RAIN/SLEET","Heavy Snow","Z"
"661","SNOW/SLEET","Heavy Snow","Z"
"662","SNOW/SLEET/FREEZING RAIN","Heavy Snow","Z"
"663","SNOW/SLEET/RAIN","Heavy Snow","Z"
"664","SNOW\COLD","Heavy Snow","Z"
"665","SNOWFALL RECORD","Heavy Snow","Z"
"666","SNOWMELT FLOODING","Flood","C"
"667","SNOWSTORM","Heavy Snow","Z"
"668","SOUTHEAST","High Wind","Z"
"669","STORM FORCE WINDS","Strong Wind","Z"
"670","STORM SURGE","Storm Surge/Tide","Z"
"671","STORM SURGE/TIDE","Storm Surge/Tide","Z"
"672","STREAM FLOODING","Flood","C"
"673","STREET FLOOD","Flood","C"
"674","STREET FLOODING","Flood","C"
"675","Strong Wind","Strong Wind","Z"
"676","STRONG WIND","Strong Wind","Z"
"677","STRONG WIND GUST","Strong Wind","Z"
"678","Strong winds","Strong Wind","Z"
"679","Strong Winds","Strong Wind","Z"
"680","STRONG WINDS","Strong Wind","Z"
"681","Summary August 10","Other","O"
"682","Summary August 11","Other","O"
"683","Summary August 17","Other","O"
"684","Summary August 2-3","Other","O"
"685","Summary August 21","Other","O"
"686","Summary August 28","Other","O"
"687","Summary August 4","Other","O"
"688","Summary August 7","Other","O"
"689","Summary August 9","Other","O"
"690","Summary Jan 17","Other","O"
"691","Summary July 23-24","Other","O"
"692","Summary June 18-19","Other","O"
"693","Summary June 5-6","Other","O"
"694","Summary June 6","Other","O"
"695","Summary of April 12","Other","O"
"696","Summary of April 13","Other","O"
"697","Summary of April 21","Other","O"
"698","Summary of April 27","Other","O"
"699","Summary of April 3rd","Other","O"
"700","Summary of August 1","Other","O"
"701","Summary of July 11","Other","O"
"702","Summary of July 2","Other","O"
"703","Summary of July 22","Other","O"
"704","Summary of July 26","Other","O"
"705","Summary of July 29","Other","O"
"706","Summary of July 3","Other","O"
"707","Summary of June 10","Other","O"
"708","Summary of June 11","Other","O"
"709","Summary of June 12","Other","O"
"710","Summary of June 13","Other","O"
"711","Summary of June 15","Other","O"
"712","Summary of June 16","Other","O"
"713","Summary of June 18","Other","O"
"714","Summary of June 23","Other","O"
"715","Summary of June 24","Other","O"
"716","Summary of June 3","Other","O"
"717","Summary of June 30","Other","O"
"718","Summary of June 4","Other","O"
"719","Summary of June 6","Other","O"
"720","Summary of March 14","Other","O"
"721","Summary of March 23","Other","O"
"722","Summary of March 24","Other","O"
"723","SUMMARY OF MARCH 24-25","Other","O"
"724","SUMMARY OF MARCH 27","Other","O"
"725","SUMMARY OF MARCH 29","Other","O"
"726","Summary of May 10","Other","O"
"727","Summary of May 13","Other","O"
"728","Summary of May 14","Other","O"
"729","Summary of May 22","Other","O"
"730","Summary of May 22 am","Other","O"
"731","Summary of May 22 pm","Other","O"
"732","Summary of May 26 am","Other","O"
"733","Summary of May 26 pm","Other","O"
"734","Summary of May 31 am","Other","O"
"735","Summary of May 31 pm","Other","O"
"736","Summary of May 9-10","Other","O"
"737","Summary Sept. 25-26","Other","O"
"738","Summary September 20","Other","O"
"739","Summary September 23","Other","O"
"740","Summary September 3","Other","O"
"741","Summary September 4","Other","O"
"742","Summary: Nov. 16","Other","O"
"743","Summary: Nov. 6-7","Other","O"
"744","Summary: Oct. 20-21","Other","O"
"745","Summary: October 31","Other","O"
"746","Summary: Sept. 18","Other","O"
"747","Temperature record","Excessive Heat","Z"
"748","THUDERSTORM WINDS","Thunderstorm Wind","C"
"749","THUNDEERSTORM WINDS","Thunderstorm Wind","C"
"750","THUNDERESTORM WINDS","Thunderstorm Wind","C"
"751","THUNDERSNOW","Heavy Snow","Z"
"752","Thundersnow shower","Heavy Snow","Z"
"753","THUNDERSTORM","Thunderstorm Wind","C"
"754","THUNDERSTORM  WINDS","Thunderstorm Wind","C"
"755","THUNDERSTORM DAMAGE","Thunderstorm Wind","C"
"756","THUNDERSTORM DAMAGE TO","Thunderstorm Wind","C"
"757","THUNDERSTORM HAIL","Thunderstorm Wind","C"
"758","THUNDERSTORM W INDS","Thunderstorm Wind","C"
"759","Thunderstorm Wind","Thunderstorm Wind","C"
"760","THUNDERSTORM WIND","Thunderstorm Wind","C"
"761","THUNDERSTORM WIND (G40)","Thunderstorm Wind","C"
"762","THUNDERSTORM WIND 50","Thunderstorm Wind","C"
"763","THUNDERSTORM WIND 52","Thunderstorm Wind","C"
"764","THUNDERSTORM WIND 56","Thunderstorm Wind","C"
"765","THUNDERSTORM WIND 59","Thunderstorm Wind","C"
"766","THUNDERSTORM WIND 59 MPH","Thunderstorm Wind","C"
"767","THUNDERSTORM WIND 59 MPH.","Thunderstorm Wind","C"
"768","THUNDERSTORM WIND 60 MPH","Thunderstorm Wind","C"
"769","THUNDERSTORM WIND 65 MPH","Thunderstorm Wind","C"
"770","THUNDERSTORM WIND 65MPH","Thunderstorm Wind","C"
"771","THUNDERSTORM WIND 69","Thunderstorm Wind","C"
"772","THUNDERSTORM WIND 98 MPH","Thunderstorm Wind","C"
"773","THUNDERSTORM WIND G50","Thunderstorm Wind","C"
"774","THUNDERSTORM WIND G51","Thunderstorm Wind","C"
"775","THUNDERSTORM WIND G52","Thunderstorm Wind","C"
"776","THUNDERSTORM WIND G55","Thunderstorm Wind","C"
"777","THUNDERSTORM WIND G60","Thunderstorm Wind","C"
"778","THUNDERSTORM WIND G61","Thunderstorm Wind","C"
"779","THUNDERSTORM WIND TREES","Thunderstorm Wind","C"
"780","THUNDERSTORM WIND.","Thunderstorm Wind","C"
"781","THUNDERSTORM WIND/ TREE","Thunderstorm Wind","C"
"782","THUNDERSTORM WIND/ TREES","Thunderstorm Wind","C"
"783","THUNDERSTORM WIND/AWNING","Thunderstorm Wind","C"
"784","THUNDERSTORM WIND/HAIL","Thunderstorm Wind","C"
"785","THUNDERSTORM WIND/LIGHTNING","Thunderstorm Wind","C"
"786","THUNDERSTORM WINDS","Thunderstorm Wind","C"
"787","THUNDERSTORM WINDS      LE CEN","Thunderstorm Wind","C"
"788","THUNDERSTORM WINDS 13","Thunderstorm Wind","C"
"789","THUNDERSTORM WINDS 2","Thunderstorm Wind","C"
"790","THUNDERSTORM WINDS 50","Thunderstorm Wind","C"
"791","THUNDERSTORM WINDS 52","Thunderstorm Wind","C"
"792","THUNDERSTORM WINDS 53","Thunderstorm Wind","C"
"793","THUNDERSTORM WINDS 60","Thunderstorm Wind","C"
"794","THUNDERSTORM WINDS 61","Thunderstorm Wind","C"
"795","THUNDERSTORM WINDS 62","Thunderstorm Wind","C"
"796","THUNDERSTORM WINDS 63 MPH","Thunderstorm Wind","C"
"797","THUNDERSTORM WINDS AND","Thunderstorm Wind","C"
"798","THUNDERSTORM WINDS FUNNEL CLOU","Thunderstorm Wind","C"
"799","THUNDERSTORM WINDS G","Thunderstorm Wind","C"
"800","THUNDERSTORM WINDS G60","Thunderstorm Wind","C"
"801","THUNDERSTORM WINDS HAIL","Thunderstorm Wind","C"
"802","THUNDERSTORM WINDS HEAVY RAIN","Thunderstorm Wind","C"
"803","THUNDERSTORM WINDS LIGHTNING","Thunderstorm Wind","C"
"804","THUNDERSTORM WINDS SMALL STREA","Thunderstorm Wind","C"
"805","THUNDERSTORM WINDS URBAN FLOOD","Thunderstorm Wind","C"
"806","THUNDERSTORM WINDS.","Thunderstorm Wind","C"
"807","THUNDERSTORM WINDS/ FLOOD","Thunderstorm Wind","C"
"808","THUNDERSTORM WINDS/ HAIL","Thunderstorm Wind","C"
"809","THUNDERSTORM WINDS/FLASH FLOOD","Thunderstorm Wind","C"
"810","THUNDERSTORM WINDS/FLOODING","Thunderstorm Wind","C"
"811","THUNDERSTORM WINDS/FUNNEL CLOU","Thunderstorm Wind","C"
"812","THUNDERSTORM WINDS/HAIL","Thunderstorm Wind","C"
"813","THUNDERSTORM WINDS/HEAVY RAIN","Thunderstorm Wind","C"
"814","THUNDERSTORM WINDS53","Thunderstorm Wind","C"
"815","THUNDERSTORM WINDSHAIL","Thunderstorm Wind","C"
"816","THUNDERSTORM WINDSS","Thunderstorm Wind","C"
"817","THUNDERSTORM WINS","Thunderstorm Wind","C"
"818","THUNDERSTORMS","Thunderstorm Wind","C"
"819","THUNDERSTORMS WIND","Thunderstorm Wind","C"
"820","THUNDERSTORMS WINDS","Thunderstorm Wind","C"
"821","THUNDERSTORMW","Thunderstorm Wind","C"
"822","THUNDERSTORMW 50","Thunderstorm Wind","C"
"823","THUNDERSTORMW WINDS","Thunderstorm Wind","C"
"824","THUNDERSTORMWINDS","Thunderstorm Wind","C"
"825","THUNDERSTROM WIND","Thunderstorm Wind","C"
"826","THUNDERSTROM WINDS","Thunderstorm Wind","C"
"827","THUNDERTORM WINDS","Thunderstorm Wind","C"
"828","THUNDERTSORM WIND","Thunderstorm Wind","C"
"829","THUNDESTORM WINDS","Thunderstorm Wind","C"
"830","THUNERSTORM WINDS","Thunderstorm Wind","C"
"831","TIDAL FLOOD","Storm Surge/Tide","Z"
"832","Tidal Flooding","Storm Surge/Tide","Z"
"833","TIDAL FLOODING","Storm Surge/Tide","Z"
"834","TORNADO","Tornado","C"
"835","TORNADO DEBRIS","Tornado","C"
"836","TORNADO F0","Tornado","C"
"837","TORNADO F1","Tornado","C"
"838","TORNADO F2","Tornado","C"
"839","TORNADO F3","Tornado","C"
"840","TORNADO/WATERSPOUT","Tornado","C"
"841","TORNADOES","Tornado","C"
"842","TORNADOES, TSTM WIND, HAIL","Tornado","C"
"843","TORNADOS","Tornado","C"
"844","TORNDAO","Tornado","C"
"845","TORRENTIAL RAIN","Heavy Rain","C"
"846","Torrential Rainfall","Heavy Rain","C"
"847","TROPICAL DEPRESSION","Tropical Depression","Z"
"848","TROPICAL STORM","Tropical Storm","Z"
"849","TROPICAL STORM ALBERTO","Tropical Storm","Z"
"850","TROPICAL STORM DEAN","Tropical Storm","Z"
"851","TROPICAL STORM GORDON","Tropical Storm","Z"
"852","TROPICAL STORM JERRY","Tropical Storm","Z"
"853","TSTM","Thunderstorm Wind","C"
"854","TSTM HEAVY RAIN","Thunderstorm Wind","C"
"855","Tstm Wind","Thunderstorm Wind","C"
"856","TSTM WIND","Thunderstorm Wind","C"
"857","TSTM WIND  (G45)","Thunderstorm Wind","C"
"858","TSTM WIND (41)","Thunderstorm Wind","C"
"859","TSTM WIND (G35)","Thunderstorm Wind","C"
"860","TSTM WIND (G40)","Thunderstorm Wind","C"
"861","TSTM WIND (G45)","Thunderstorm Wind","C"
"862","TSTM WIND 40","Thunderstorm Wind","C"
"863","TSTM WIND 45","Thunderstorm Wind","C"
"864","TSTM WIND 50","Thunderstorm Wind","C"
"865","TSTM WIND 51","Thunderstorm Wind","C"
"866","TSTM WIND 52","Thunderstorm Wind","C"
"867","TSTM WIND 55","Thunderstorm Wind","C"
"868","TSTM WIND 65)","Thunderstorm Wind","C"
"869","TSTM WIND AND LIGHTNING","Thunderstorm Wind","C"
"870","TSTM WIND DAMAGE","Thunderstorm Wind","C"
"871","TSTM WIND G45","Thunderstorm Wind","C"
"872","TSTM WIND G58","Thunderstorm Wind","C"
"873","TSTM WIND/HAIL","Thunderstorm Wind","C"
"874","TSTM WINDS","Thunderstorm Wind","C"
"875","TSTM WND","Thunderstorm Wind","C"
"876","TSTMW","Thunderstorm Wind","C"
"877","TSUNAMI","Tsunami","Z"
"878","TUNDERSTORM WIND","Thunderstorm Wind","C"
"879","TYPHOON","Hurricane (Typhoon)","Z"
"880","Unseasonable Cold","Cold/Wind Chill","Z"
"881","UNSEASONABLY COLD","Cold/Wind Chill","Z"
"882","UNSEASONABLY COOL","Cold/Wind Chill","Z"
"883","UNSEASONABLY COOL & WET","Cold/Wind Chill","Z"
"884","UNSEASONABLY DRY","Drought","Z"
"885","UNSEASONABLY HOT","Excessive Heat","Z"
"886","UNSEASONABLY WARM","Excessive Heat","Z"
"887","UNSEASONABLY WARM & WET","Excessive Heat","Z"
"888","UNSEASONABLY WARM AND DRY","Excessive Heat","Z"
"889","UNSEASONABLY WARM YEAR","Heat","Z"
"890","UNSEASONABLY WARM/WET","Excessive Heat","Z"
"891","UNSEASONABLY WET","Heavy Rain","C"
"892","UNSEASONAL LOW TEMP","Cold/Wind Chill","Z"
"893","UNSEASONAL RAIN","Heavy Rain","C"
"894","UNUSUAL WARMTH","Excessive Heat","Z"
"895","UNUSUAL/RECORD WARMTH","Excessive Heat","Z"
"896","UNUSUALLY COLD","Cold/Wind Chill","Z"
"897","UNUSUALLY LATE SNOW","Heavy Snow","Z"
"898","UNUSUALLY WARM","Excessive Heat","Z"
"899","URBAN AND SMALL","Flood","C"
"900","URBAN AND SMALL STREAM","Flood","C"
"901","URBAN AND SMALL STREAM FLOOD","Flood","C"
"902","URBAN AND SMALL STREAM FLOODIN","Flood","C"
"903","Urban flood","Flood","C"
"904","Urban Flood","Flood","C"
"905","Flood","Flood","C"
"906","URBAN FLOOD LANDSLIDE","Flood","C"
"907","Urban Flooding","Flood","C"
"908","URBAN FLOODING","Flood","C"
"909","URBAN FLOODS","Flood","C"
"910","URBAN SMALL","Flood","C"
"911","URBAN SMALL STREAM FLOOD","Flood","C"
"912","URBAN/SMALL","Flood","C"
"913","URBAN/SMALL FLOODING","Flood","C"
"914","URBAN/SMALL STREAM","Flood","C"
"915","URBAN/SMALL STREAM  FLOOD","Flood","C"
"916","URBAN/SMALL STREAM FLOOD","Flood","C"
"917","URBAN/SMALL STREAM FLOODING","Flood","C"
"918","URBAN/SMALL STRM FLDG","Flood","C"
"919","URBAN/SML STREAM FLD","Flood","C"
"920","URBAN/SML STREAM FLDG","Flood","C"
"921","URBAN/STREET FLOODING","Flood","C"
"922","VERY DRY","Drought","Z"
"923","VERY WARM","Heat","Z"
"924","VOG","Dense Fog","Z"
"925","Volcanic Ash","Volcanic Ash","Z"
"926","VOLCANIC ASH","Volcanic Ash","Z"
"927","Volcanic Ash Plume","Volcanic Ash","Z"
"928","VOLCANIC ASHFALL","Volcanic Ash","Z"
"929","VOLCANIC ERUPTION","Volcanic Ash","Z"
"930","WAKE LOW WIND","Strong Wind","Z"
"931","WALL CLOUD","Strong Wind","Z"
"932","WALL CLOUD/FUNNEL CLOUD","Funnel Cloud","C"
"933","WARM DRY CONDITIONS","Drought","Z"
"934","WARM WEATHER","Heat","Z"
"935","WATER SPOUT","Tornado","C"
"936","WATERSPOUT","Tornado","C"
"937","WATERSPOUT-","Tornado","C"
"938","WATERSPOUT-TORNADO","Tornado","C"
"939","WATERSPOUT FUNNEL CLOUD","Tornado","C"
"940","WATERSPOUT TORNADO","Tornado","C"
"941","WATERSPOUT/","Tornado","C"
"942","WATERSPOUT/ TORNADO","Tornado","C"
"943","WATERSPOUT/TORNADO","Tornado","C"
"944","WATERSPOUTS","Tornado","C"
"945","WAYTERSPOUT","Tornado","C"
"946","wet micoburst","Strong Wind","Z"
"947","WET MICROBURST","Strong Wind","Z"
"948","Wet Month","Heavy Rain","C"
"949","WET SNOW","Heavy Snow","Z"
"950","WET WEATHER","Heavy Rain","C"
"951","Wet Year","Heavy Rain","C"
"952","Whirlwind","Tornado","C"
"953","WHIRLWIND","Tornado","C"
"954","WILD FIRES","Wildfire","Z"
"955","WILD/FOREST FIRE","Wildfire","Z"
"956","WILD/FOREST FIRES","Wildfire","Z"
"957","WILDFIRE","Wildfire","Z"
"958","WILDFIRES","Wildfire","Z"
"959","Wind","Strong Wind","Z"
"960","WIND","Strong Wind","Z"
"961","WIND ADVISORY","Strong Wind","Z"
"962","WIND AND WAVE","Strong Wind","Z"
"963","WIND CHILL","Cold/Wind Chill","Z"
"964","WIND CHILL/HIGH WIND","Cold/Wind Chill","Z"
"965","Wind Damage","Strong Wind","Z"
"966","WIND DAMAGE","Strong Wind","Z"
"967","WIND GUSTS","Strong Wind","Z"
"968","WIND STORM","Strong Wind","Z"
"969","WIND/HAIL","Strong Wind","Z"
"970","WINDS","Strong Wind","Z"
"971","WINTER MIX","Winter Weather","Z"
"972","WINTER STORM","Winter Storm","Z"
"973","WINTER STORM HIGH WINDS","Winter Storm","Z"
"974","WINTER STORM/HIGH WIND","Winter Storm","Z"
"975","WINTER STORM/HIGH WINDS","Winter Storm","Z"
"976","WINTER STORMS","Winter Storm","Z"
"977","Winter Weather","Winter Weather","Z"
"978","WINTER WEATHER","Winter Weather","Z"
"979","WINTER WEATHER MIX","Winter Weather","Z"
"980","WINTER WEATHER/MIX","Winter Weather","Z"
"981","WINTERY MIX","Winter Weather","Z"
"982","Wintry mix","Winter Weather","Z"
"983","Wintry Mix","Winter Weather","Z"
"984","WINTRY MIX","Winter Weather","Z"
"985","WND","Strong Wind","Z"
